Tipo fila;Hito;Elemento;Codigo;Descripcion de la prueba;Estado;Fecha fin;Fecha negocio;Observaciones
HITO;SPRINT 1;Base tecnica accesos externos i18n solo desarrollo;;;Tecnologia - Pendiente;;;
CABECERA;SPRINT 1;TR-1;ADR accesos externos y contrato API Informes CSV;Tecnologia - Pendiente;;;
DESARROLLO;SPRINT 1;TR-1;Babooni;Cierre funcional y tecnico: ADR modelo accesos externos A/B/C y contrato API modulo Informes CSV;Tecnologia - Pendiente;;;
VALIDACION;SPRINT 1;TR-1;Negocio;CA-17 - Contrato ADR: modelo accesos externos permite pestana Accesos externos en Configuracion Admin (CU-05).;Tecnologia - Pendiente;;;
VALIDACION;SPRINT 1;TR-1;Negocio;CA-01 - Contrato API Informes: modulo con periodo filtros tabla y boton Descargar segun funcional (CU-01).;Tecnologia - Pendiente;;;
VALIDACION;SPRINT 1;TR-1;Negocio;CA-09 - Contrato CSV: exportacion en formato .csv con nombre dinamico (CU-02).;Tecnologia - Pendiente;;;
CABECERA;SPRINT 1;FE-0.5;Integracion rama Vitaly fase_II_ux en sprint8 productivo sin MSW;Tecnologia - Pendiente;;;
DESARROLLO;SPRINT 1;FE-0.5;Babooni;Merge rama fase_II_ux en sprint8 productivo: eliminar MSW/mocks y alinear con stores y patrones Fase I;Tecnologia - Pendiente;;;
VALIDACION;SPRINT 1;FE-0.5;Negocio;CA-01 - Tras merge Vitaly el modulo Informes muestra cabecera periodo por defecto y boton Descargar informe (smoke DEMO).;Tecnologia - Pendiente;;;
VALIDACION;SPRINT 1;FE-0.5;Negocio;CA-17 - Tras merge Vitaly la pestana Accesos externos aparece en Configuracion Admin (smoke DEMO).;Tecnologia - Pendiente;;;
CABECERA;SPRINT 1;BE-0.1;Ampliar roles y permisos Inspector/a y RLPT;Tecnologia - Pendiente;;;
DESARROLLO;SPRINT 1;BE-0.1;Babooni;Ampliar sistema de roles/permisos: tipo acceso externo en /v1/me contextos Inspector/RLPT y excepcion sin empresa;Tecnologia - Pendiente;;;
VALIDACION;SPRINT 1;BE-0.1;Negocio;CA-11 - Dado un Inspector recien autenticado cuando aun no ha entrado en empresa entonces solo ve modulo Empresas y cabecera Sin empresa seleccionada.;Tecnologia - Pendiente;;;
VALIDACION;SPRINT 1;BE-0.1;Negocio;CA-12 - Dado la tabla Empresas del Inspector cuando pulsa Acceder entonces la cabecera muestra el nombre de la empresa y se desbloquean Usuarios Informes y Configuracion en solo lectura.;Tecnologia - Pendiente;;;
CABECERA;SPRINT 1;BE-0.2;Modo solo lectura transversal en backend;Tecnologia - Pendiente;;;
DESARROLLO;SPRINT 1;BE-0.2;Babooni;Interceptor/filtro que deniegue mutaciones a roles Inspector y superadmin en simulacion;Tecnologia - Pendiente;;;
VALIDACION;SPRINT 1;BE-0.2;Negocio;CA-20 - Dado Superadmin en modo simulacion cuando navega ficha y listado entonces Importar/Crear usuarios Guardar datos y Nueva compensacion estan deshabilitados.;Tecnologia - Pendiente;;;
CABECERA;SPRINT 1;BE-0.3;Servicio anonimizacion y disociacion datos personas;Tecnologia - Pendiente;;;
DESARROLLO;SPRINT 1;BE-0.3;Babooni;Servicio anonimizacion: difuminar nombre/apellidos ID visible aplicable a vistas y exportaciones CSV;Tecnologia - Pendiente;;;
VALIDACION;SPRINT 1;BE-0.3;Negocio;CA-13 - Dado Usuarios en perfil Inspector cuando se listan trabajadores entonces columnas ID Persona Centro Fechas Horas y Ojo; sin nombre ni apellidos.;Tecnologia - Pendiente;;;
VALIDACION;SPRINT 1;BE-0.3;Negocio;CA-14 - Dado la ficha via icono Ojo cuando se abre detalle entonces campos en lectura nombre/apellidos difuminados y aviso legal.;Tecnologia - Pendiente;;;
CABECERA;SPRINT 1;FE-0.1;Roles Inspector y RLPT en enrutado guards y menus;Tecnologia - Pendiente;;;
DESARROLLO;SPRINT 1;FE-0.1;Babooni;Registrar roles Inspector y RLPT: Rutas guards sidebar rutaInicial y menus Empresas Usuarios Informes Configuracion;Tecnologia - Pendiente;;;
VALIDACION;SPRINT 1;FE-0.1;Negocio;CA-10 - Dado un Inspector autenticado cuando accede a la aplicacion entonces en sidebar aparece badge amarillo Inspector/a solo lectura Datos anonimizados.;Tecnologia - Pendiente;;;
CABECERA;SPRINT 1;FE-0.2;Patron solo lectura transversal en UI;Tecnologia - Pendiente;;;
DESARROLLO;SPRINT 1;FE-0.2;Babooni;Generalizar modoSoloLectura en AppContextService aviso visual Inspector y deshabilitar acciones en componentes;Tecnologia - Pendiente;;;
VALIDACION;SPRINT 1;FE-0.2;Negocio;CA-20 - Dado Superadmin en modo simulacion cuando navega ficha y listado entonces Importar/Crear usuarios Guardar datos y Nueva compensacion estan deshabilitados.;Tecnologia - Pendiente;;;
CABECERA;SPRINT 1;BE-0.4;Autenticacion accesos externos invitacion y revocacion;Tecnologia - Pendiente;;;
DESARROLLO;SPRINT 1;BE-0.4;Babooni;Autenticacion accesos externos: alta sin contrasena invitacion/credencial caducidad y revocacion;Tecnologia - Pendiente;;;
VALIDACION;SPRINT 1;BE-0.4;Negocio;CA-18 - Dado alta acceso externo cuando se guarda entonces se dispara invitacion/credencial al correo indicado.;Tecnologia - Pendiente;;;
VALIDACION;SPRINT 1;BE-0.4;Negocio;CA-19 - Dado acceso revocado cuando el externo intenta acceder entonces el acceso queda bloqueado de forma inmediata (D06).;Tecnologia - Pendiente;;;
CABECERA;SPRINT 1;BE-0.5;Control acceso multi-empresa para externos;Tecnologia - Pendiente;;;
DESARROLLO;SPRINT 1;BE-0.5;Babooni;Vinculo usuario externo a empresa(s) y filtrado por ambito para Inspector multiempresa;Tecnologia - Pendiente;;;
VALIDACION;SPRINT 1;BE-0.5;Negocio;CA-11 - Dado Inspector multiempresa cuando aun no ha seleccionado empresa entonces solo ve empresas de su ambito autorizado.;Tecnologia - Pendiente;;;
VALIDACION;SPRINT 1;BE-0.5;Negocio;CA-12 - Dado Inspector cuando accede a una empresa de su ambito entonces el contexto queda acotado a esa organizacion.;Tecnologia - Pendiente;;;
CABECERA;SPRINT 1;BE-3.1;CRUD accesos externos alta listado y revocacion;Tecnologia - Pendiente;;;
DESARROLLO;SPRINT 1;BE-3.1;Babooni;CRUD accesos externos: alta tipo Inspector/RLPT nombre correo listado y eliminacion con revocacion inmediata;Tecnologia - Pendiente;;;
VALIDACION;SPRINT 1;BE-3.1;Negocio;CA-17 - Dado Configuracion Admin cuando se accede entonces existe pestana Accesos externos con buscador y boton Anadir acceso.;Tecnologia - Pendiente;;;
VALIDACION;SPRINT 1;BE-3.1;Negocio;CA-18 - Dado Anadir acceso cuando se abre la modal entonces tipo Inspector/RLPT nombre y email obligatorio con validacion; Guardar alta el registro.;Tecnologia - Pendiente;;;
VALIDACION;SPRINT 1;BE-3.1;Negocio;CA-19 - Dado un acceso en la lista cuando se pulsa Eliminar entonces aparece modal de confirmacion con texto de revocacion irreversible.;Tecnologia - Pendiente;;;
CABECERA;SPRINT 1;BE-3.2;Creado por fecha alta e invitacion acceso externo;Tecnologia - Pendiente;;;
DESARROLLO;SPRINT 1;BE-3.2;Babooni;Registro creado por y fecha alta y disparo invitacion/credencial al externo;Tecnologia - Pendiente;;;
VALIDACION;SPRINT 1;BE-3.2;Negocio;CA-18 - Dado Anadir acceso cuando se abre la modal entonces tipo Inspector/RLPT nombre y email obligatorio con validacion; Guardar alta el registro.;Tecnologia - Pendiente;;;
CABECERA;SPRINT 1;FE-3.1;Pestana Accesos externos en Configuracion Administrador;Tecnologia - Pendiente;;;
DESARROLLO;SPRINT 1;FE-3.1;Babooni;Nueva pestana Accesos externos al final de Configuracion con buscador y boton Anadir acceso;Tecnologia - Pendiente;;;
VALIDACION;SPRINT 1;FE-3.1;Negocio;CA-17 - Dado Configuracion Admin cuando se accede entonces existe pestana Accesos externos con buscador y boton Anadir acceso.;Tecnologia - Pendiente;;;
CABECERA;SPRINT 1;FE-3.2;Modal Anadir acceso externo tipo nombre y correo;Tecnologia - Pendiente;;;
DESARROLLO;SPRINT 1;FE-3.2;Babooni;Modal Anadir acceso externo: tipo Inspector/RLPT nombre correo y validaciones;Tecnologia - Pendiente;;;
VALIDACION;SPRINT 1;FE-3.2;Negocio;CA-18 - Dado Anadir acceso cuando se abre la modal entonces tipo Inspector/RLPT nombre y email obligatorio con validacion; Guardar alta el registro.;Tecnologia - Pendiente;;;
CABECERA;SPRINT 1;FE-3.3;Tabla externos y modal confirmacion eliminacion;Tecnologia - Pendiente;;;
DESARROLLO;SPRINT 1;FE-3.3;Babooni;Tabla de externos nombre tipo correo creado por alta y modal confirmacion eliminacion;Tecnologia - Pendiente;;;
VALIDACION;SPRINT 1;FE-3.3;Negocio;CA-19 - Dado un acceso en la lista cuando se pulsa Eliminar entonces aparece modal de confirmacion con texto de revocacion irreversible.;Tecnologia - Pendiente;;;
CABECERA;SPRINT 1;FE-0.3;Internacionalizacion textos nuevos Fase II 5 idiomas;Tecnologia - Pendiente;;;
DESARROLLO;SPRINT 1;FE-0.3;Babooni;i18n nuevos textos Fase II en ES EN GL EU CA; huecos vs prototipo Vitaly TR-2;Tecnologia - Pendiente;;;
VALIDACION;SPRINT 1;FE-0.3;Negocio;CA-01 - Textos del modulo Informes disponibles en los 5 idiomas (ES EN GL EU CA).;Tecnologia - Pendiente;;;
VALIDACION;SPRINT 1;FE-0.3;Negocio;CA-10 - Textos del badge Inspector/a solo lectura disponibles en los 5 idiomas.;Tecnologia - Pendiente;;;
CABECERA;SPRINT 1;TR-2;i18n y UX gaps vs prototipo Vitaly;Tecnologia - Pendiente;;;
DESARROLLO;SPRINT 1;TR-2;Babooni;Cierre huecos i18n y UX no cubiertos por prototipo Vitaly;Tecnologia - Pendiente;;;
VALIDACION;SPRINT 1;TR-2;Negocio;CA-01 - Huecos i18n/UX de Informes cerrados: titulo subtitulo y controles alineados con funcional y prototipo Vitaly.;Tecnologia - Pendiente;;;
CABECERA;SPRINT 1;BE-2.1;Listado empresas accesibles por Inspector/a;Tecnologia - Pendiente;;;
DESARROLLO;SPRINT 1;BE-2.1;Babooni;Endpoint listado empresas accesibles por Inspector con filtros CIF nombre y fechas alta;Tecnologia - Pendiente;;;
VALIDACION;SPRINT 1;BE-2.1;Negocio;CA-11 - Dado Inspector sin empresa entonces solo modulo Empresas visible.;Tecnologia - Pendiente;;;
VALIDACION;SPRINT 1;BE-2.1;Negocio;CA-12 - Dado Acceder en empresa entonces desbloquea Usuarios Informes y Configuracion solo lectura.;Tecnologia - Pendiente;;;
HITO;SPRINT 2;Suplantacion Inspector Informes avanzado solo desarrollo;;;Tecnologia - Pendiente;;;
CABECERA;SPRINT 2;BE-0.6;Suplantacion usuario Keycloak impersonate y auditoria;Tecnologia - Pendiente;;;
DESARROLLO;SPRINT 2;BE-0.6;Babooni;Suplantacion superadmin via Keycloak: inicio/fin sesion suplantada contexto propagado y auditoria obligatoria;Tecnologia - Pendiente;;;
VALIDACION;SPRINT 2;BE-0.6;Negocio;CA-21 - Dado Superadmin en tabla Usuarios simulada cuando pulsa Suplantar usuario entonces la sesion adopta rol permisos y vista del trabajador seleccionado.;Tecnologia - Pendiente;;;
VALIDACION;SPRINT 2;BE-0.6;Negocio;CA-24 - Dado suplantacion activa cuando Superadmin finaliza suplantacion entonces vuelve al contexto Superadmin y queda registro de auditoria.;Tecnologia - Pendiente;;;
CABECERA;SPRINT 2;FE-0.4;UI suplantacion banner persistente y salida;Tecnologia - Pendiente;;;
DESARROLLO;SPRINT 2;FE-0.4;Babooni;UI suplantacion: accion iniciar banner Estas suplantando a... y boton salir/volver a sesion propia;Tecnologia - Pendiente;;;
VALIDACION;SPRINT 2;FE-0.4;Negocio;CA-21 - Dado Superadmin en tabla Usuarios simulada cuando pulsa Suplantar usuario entonces la sesion adopta rol permisos y vista del trabajador seleccionado.;Tecnologia - Pendiente;;;
VALIDACION;SPRINT 2;FE-0.4;Negocio;CA-24 - Dado suplantacion activa cuando Superadmin finaliza suplantacion entonces vuelve al contexto Superadmin y queda registro de auditoria.;Tecnologia - Pendiente;;;
CABECERA;SPRINT 2;BE-2.2;Usuarios anonimizados empresa seleccionada;Tecnologia - Pendiente;;;
DESARROLLO;SPRINT 2;BE-2.2;Babooni;Endpoint usuarios anonimizados de empresa seleccionada sin nombre ni apellidos en respuesta;Tecnologia - Pendiente;;;
VALIDACION;SPRINT 2;BE-2.2;Negocio;CA-13 - Dado Usuarios Inspector cuando se listan trabajadores entonces sin nombre ni apellidos; ID Persona visible.;Tecnologia - Pendiente;;;
CABECERA;SPRINT 2;BE-2.3;KPIs Inspector Sin registro Correcto Incompleto;Tecnologia - Pendiente;;;
DESARROLLO;SPRINT 2;BE-2.3;Babooni;KPIs Inspector: Personas trabajadoras Registro correcto Sin registro Incompleto segun reglas D09;Tecnologia - Pendiente;;;
VALIDACION;SPRINT 2;BE-2.3;Negocio;CA-25 - Dado KPIs en Usuarios Inspector cuando se aplican reglas D09 entonces estados Sin registro Correcto Incompleto coinciden con dataset UAT.;Tecnologia - Pendiente;;;
CABECERA;SPRINT 2;FE-2.1;Estructura transversal Inspector sidebar y distintivo solo lectura;Tecnologia - Pendiente;;;
DESARROLLO;SPRINT 2;FE-2.1;Babooni;Estructura transversal Inspector: sidebar/nav y distintivo solo lectura datos anonimizados;Tecnologia - Pendiente;;;
VALIDACION;SPRINT 2;FE-2.1;Negocio;CA-10 - Dado Inspector autenticado entonces badge amarillo Inspector/a solo lectura Datos anonimizados en sidebar.;Tecnologia - Pendiente;;;
CABECERA;SPRINT 2;FE-2.2;Maquina estados Caso A sin empresa y Caso B con empresa;Tecnologia - Pendiente;;;
DESARROLLO;SPRINT 2;FE-2.2;Babooni;Maquina estados: sin empresa solo Empresas; con empresa Usuarios Informes y Configuracion;Tecnologia - Pendiente;;;
VALIDACION;SPRINT 2;FE-2.2;Negocio;CA-11 - Dado Inspector sin empresa entonces solo modulo Empresas y cabecera Sin empresa seleccionada.;Tecnologia - Pendiente;;;
CABECERA;SPRINT 2;FE-2.3;Modulo Empresas Inspector filtros y Acceder;Tecnologia - Pendiente;;;
DESARROLLO;SPRINT 2;FE-2.3;Babooni;Modulo Empresas Inspector: extiende listado multi-empresa Fase I con filtros y boton Acceder;Tecnologia - Pendiente;;;
VALIDACION;SPRINT 2;FE-2.3;Negocio;CA-12 - Dado tabla Empresas Inspector cuando pulsa Acceder entonces cabecera con nombre empresa y modulos desbloqueados.;Tecnologia - Pendiente;;;
CABECERA;SPRINT 2;BE-2.4;Ficha usuario lectura y anonimizada;Tecnologia - Pendiente;;;
DESARROLLO;SPRINT 2;BE-2.4;Babooni;Ficha usuario datos personales compensaciones planificacion en lectura/anonimizada;Tecnologia - Pendiente;;;
VALIDACION;SPRINT 2;BE-2.4;Negocio;CA-14 - Dado ficha via Ojo cuando se abre entonces lectura nombre/apellidos difuminados y aviso legal.;Tecnologia - Pendiente;;;
VALIDACION;SPRINT 2;BE-2.4;Negocio;CA-15 - Dado compensaciones/calendario en ficha Inspector entonces solo lectura y Limpiar configuracion deshabilitado.;Tecnologia - Pendiente;;;
CABECERA;SPRINT 2;BE-1.1;Endpoint listado registros agregados filtros orden y paginacion;Tecnologia - Pendiente;;;
DESARROLLO;SPRINT 2;BE-1.1;Babooni;Endpoint listado agregado por persona con filtros periodo texto puesto centro orden y paginacion 10/pag;Tecnologia - Pendiente;;;
VALIDACION;SPRINT 2;BE-1.1;Negocio;CA-01 - Dado un usuario con acceso a Informes cuando entra al modulo entonces se muestra periodo Semana actual tabla ordenada por ID ascendente titulo Informes y boton Descargar informe.;Tecnologia - Pendiente;;;
VALIDACION;SPRINT 2;BE-1.1;Negocio;CA-03 - Dado el modulo Informes cuando se usan filtros entonces Admin/RLPT buscan por nombre; Inspector por ID; puesto y centro multiseleccion; boton Limpiar filtros.;Tecnologia - Pendiente;;;
VALIDACION;SPRINT 2;BE-1.1;Negocio;CA-04 - Dado un cambio en periodo o filtros cuando se aplica entonces la tabla se actualiza vuelve a pagina 1 y limita a 10 registros por pagina.;Tecnologia - Pendiente;;;
CABECERA;SPRINT 2;FE-1.1;Pantalla Informes cabecera subtitulo y boton Descargar informe;Tecnologia - Pendiente;;;
DESARROLLO;SPRINT 2;FE-1.1;Babooni;Pantalla Informes: cabecera subtitulo y boton Descargar informe port desde prototipo Vitaly;Tecnologia - Pendiente;;;
VALIDACION;SPRINT 2;FE-1.1;Negocio;CA-01 - Dado un usuario con acceso a Informes cuando entra al modulo entonces se muestra periodo Semana actual tabla ordenada por ID titulo Informes y boton Descargar informe.;Tecnologia - Pendiente;;;
CABECERA;SPRINT 2;FE-1.2;Selector periodo Hoy Semana Mes Personalizado;Tecnologia - Pendiente;;;
DESARROLLO;SPRINT 2;FE-1.2;Babooni;Selector periodo reutiliza ModalPeriodoComponent Fase I con validacion Desde menor o igual Hasta;Tecnologia - Pendiente;;;
VALIDACION;SPRINT 2;FE-1.2;Negocio;CA-02 - Dado el selector de periodo cuando el usuario elige Hoy Semana actual Mes actual o Personalizado entonces el filtro se aplica; en Personalizado modal exige Desde/Hasta.;Tecnologia - Pendiente;;;
CABECERA;SPRINT 2;BE-1.2;Calculo horas totales del periodo por persona;Tecnologia - Pendiente;;;
DESARROLLO;SPRINT 2;BE-1.2;Babooni;Calculo horas totales del periodo por persona en formato HH:MM;Tecnologia - Pendiente;;;
VALIDACION;SPRINT 2;BE-1.2;Negocio;CA-05 - Dado la tabla de Informes cuando se muestran resultados entonces columnas ID Usuario Centro Puesto Horas totales y Compensaciones son ordenables.;Tecnologia - Pendiente;;;
CABECERA;SPRINT 2;BE-1.3;Balance compensaciones del periodo motor Fase I;Tecnologia - Pendiente;;;
DESARROLLO;SPRINT 2;BE-1.3;Babooni;Calculo balance compensaciones del periodo reutilizando CompensacionService Fase I;Tecnologia - Pendiente;;;
VALIDACION;SPRINT 2;BE-1.3;Negocio;CA-05 - Dado la tabla de Informes cuando se muestran resultados entonces Compensaciones usa verde (+) rojo (-) y gris (0).;Tecnologia - Pendiente;;;
CABECERA;SPRINT 2;BE-1.4;Generacion CSV informe tabla formato A;Tecnologia - Pendiente;;;
DESARROLLO;SPRINT 2;BE-1.4;Babooni;Generacion CSV informe tabla extracto de pantalla; Inspector sin columna nombre;Tecnologia - Pendiente;;;
VALIDACION;SPRINT 2;BE-1.4;Negocio;CA-07 - Dado el boton Descargar informe cuando se pulsa entonces modal con tres opciones: Informe tabla Informe simple Informe detallado.;Tecnologia - Pendiente;;;
VALIDACION;SPRINT 2;BE-1.4;Negocio;CA-09 - Dado filtros y formato validos cuando se confirma exportacion entonces se descarga CSV con nombre dinamico tipo de informe + fecha.;Tecnologia - Pendiente;;;
CABECERA;SPRINT 2;BE-1.5;Generacion CSV informe simple una fila por usuario y dia;Tecnologia - Pendiente;;;
DESARROLLO;SPRINT 2;BE-1.5;Babooni;Generacion CSV informe simple: una fila por usuario y dia con horas totales;Tecnologia - Pendiente;;;
VALIDACION;SPRINT 2;BE-1.5;Negocio;CA-07 - Dado el boton Descargar informe cuando se pulsa entonces modal con tres opciones: Informe tabla Informe simple Informe detallado.;Tecnologia - Pendiente;;;
VALIDACION;SPRINT 2;BE-1.5;Negocio;CA-09 - Dado filtros y formato validos cuando se confirma exportacion entonces se descarga CSV con nombre dinamico.;Tecnologia - Pendiente;;;
CABECERA;SPRINT 2;BE-1.6;Generacion CSV informe detallado una fila por tramo;Tecnologia - Pendiente;;;
DESARROLLO;SPRINT 2;BE-1.6;Babooni;Generacion CSV informe detallado: una fila por tramo tipo inicio fin duracion;Tecnologia - Pendiente;;;
VALIDACION;SPRINT 2;BE-1.6;Negocio;CA-07 - Dado el boton Descargar informe cuando se pulsa entonces modal con tres opciones: Informe tabla Informe simple Informe detallado.;Tecnologia - Pendiente;;;
VALIDACION;SPRINT 2;BE-1.6;Negocio;CA-09 - Dado filtros y formato validos cuando se confirma exportacion entonces se descarga CSV con nombre dinamico.;Tecnologia - Pendiente;;;
CABECERA;SPRINT 2;BE-1.7;Regla no-generacion sin datos respuesta toast;Tecnologia - Pendiente;;;
DESARROLLO;SPRINT 2;BE-1.7;Babooni;Regla no-generacion: si no hay datos no se crea archivo CSV respuesta para toast en frontend;Tecnologia - Pendiente;;;
VALIDACION;SPRINT 2;BE-1.7;Negocio;CA-08 - Dado 0 registros en pantalla cuando el usuario pulsa Exportar en la modal entonces no se genera CSV y se muestra toast de alerta.;Tecnologia - Pendiente;;;
CABECERA;SPRINT 2;FE-1.3;Zona filtros buscar puesto y centro multiseleccion;Tecnologia - Pendiente;;;
DESARROLLO;SPRINT 2;FE-1.3;Babooni;Zona filtros: buscar puesto y centro multiseleccion; Admin/RLPT por nombre Inspector por ID;Tecnologia - Pendiente;;;
VALIDACION;SPRINT 2;FE-1.3;Negocio;CA-03 - Dado el modulo Informes cuando se usan filtros entonces Admin/RLPT buscan por nombre; Inspector por ID; puesto y centro multiseleccion; Limpiar filtros.;Tecnologia - Pendiente;;;
CABECERA;SPRINT 2;FE-1.4;Tabla resultados ordenable colores compensacion y KPI paginado;Tecnologia - Pendiente;;;
DESARROLLO;SPRINT 2;FE-1.4;Babooni;Tabla ordenable colores compensacion KPI Mostrando X de Y y store paginado con API real;Tecnologia - Pendiente;;;
VALIDACION;SPRINT 2;FE-1.4;Negocio;CA-04 - Dado un cambio en periodo o filtros cuando se aplica entonces la tabla se actualiza vuelve a pagina 1 y 10 filas por pagina.;Tecnologia - Pendiente;;;
VALIDACION;SPRINT 2;FE-1.4;Negocio;CA-05 - Dado la tabla de Informes cuando se muestran resultados entonces columnas ordenables y compensaciones verde/rojo/gris.;Tecnologia - Pendiente;;;
CABECERA;SPRINT 2;FE-1.5;Estado vacio sin resultados y boton limpiar filtros;Tecnologia - Pendiente;;;
DESARROLLO;SPRINT 2;FE-1.5;Babooni;Estado vacio: ocultar tabla mensaje informativo y boton limpiar filtros;Tecnologia - Pendiente;;;
VALIDACION;SPRINT 2;FE-1.5;Negocio;CA-06 - Dado que no hay registros tras filtrar cuando la tabla quedaria vacia entonces se oculta tabla mensaje informativo y boton limpiar filtros.;Tecnologia - Pendiente;;;
CABECERA;SPRINT 2;FE-1.6;Paginacion reutiliza utilidades Fase I;Tecnologia - Pendiente;;;
DESARROLLO;SPRINT 2;FE-1.6;Babooni;Paginacion reutilizando paginacion.utils Fase I;Tecnologia - Pendiente;;;
VALIDACION;SPRINT 2;FE-1.6;Negocio;CA-04 - Dado un cambio en periodo o filtros cuando se aplica entonces la paginacion limita a 10 registros por pagina.;Tecnologia - Pendiente;;;
HITO;SPRINT 3;Informes RLPT QA cierre tecnico UAT y PRO;;;Tecnologia - Pendiente;;;
CABECERA;SPRINT 3;BE-1.9;Exportacion CSV nombre dinamico reutiliza motor Fase I;Tecnologia - Pendiente;;;
DESARROLLO;SPRINT 3;BE-1.9;Babooni;Exportacion CSV reutilizando motor Fase I con nombre de archivo dinamico tipo + fecha de descarga;Tecnologia - Pendiente;;;
VALIDACION;SPRINT 3;BE-1.9;Negocio;CA-09 - Dado filtros y formato validos cuando se confirma exportacion entonces se descarga CSV .csv con nombre dinamico.;Tecnologia - Pendiente;;;
CABECERA;SPRINT 3;FE-1.7;Modal descarga CSV y toast sin datos;Tecnologia - Pendiente;;;
DESARROLLO;SPRINT 3;FE-1.7;Babooni;Modal descarga 3 formatos CSV descarga real y toast si no hay datos;Tecnologia - Pendiente;;;
VALIDACION;SPRINT 3;FE-1.7;Negocio;CA-07 - Dado el boton Descargar informe cuando se pulsa entonces modal con tres opciones excluyentes.;Tecnologia - Pendiente;;;
VALIDACION;SPRINT 3;FE-1.7;Negocio;CA-08 - Dado 0 registros en pantalla cuando pulsa Exportar entonces no genera CSV y toast de alerta.;Tecnologia - Pendiente;;;
VALIDACION;SPRINT 3;FE-1.7;Negocio;CA-09 - Dado filtros y formato validos cuando confirma exportacion entonces descarga CSV con nombre dinamico.;Tecnologia - Pendiente;;;
CABECERA;SPRINT 3;FE-1.8;Parametrizacion por rol Admin RLPT Inspector anonimizado;Tecnologia - Pendiente;;;
DESARROLLO;SPRINT 3;FE-1.8;Babooni;Parametrizacion por rol: Admin/RLPT 3 formatos; Inspector formato anonimizado unico;Tecnologia - Pendiente;;;
VALIDACION;SPRINT 3;FE-1.8;Negocio;CA-07 - Dado Inspector en modal export entonces Informe tabla sin columna nombre.;Tecnologia - Pendiente;;;
CABECERA;SPRINT 3;BE-2.5;CSV informe anonimizado unico formato Inspector;Tecnologia - Pendiente;;;
DESARROLLO;SPRINT 3;BE-2.5;Babooni;CSV informe anonimizado unico formato bloqueado para Inspector sin columna nombre;Tecnologia - Pendiente;;;
VALIDACION;SPRINT 3;BE-2.5;Negocio;CA-07 - Dado Inspector en export entonces unico formato anonimizado sin columna nombre en tabla.;Tecnologia - Pendiente;;;
CABECERA;SPRINT 3;BE-2.6;Export CSV movimientos del ano ficha anonimizado;Tecnologia - Pendiente;;;
DESARROLLO;SPRINT 3;BE-2.6;Babooni;Exportacion CSV movimientos del ano en ficha Inspector anonimizado sin columnas identificativas prohibidas;Tecnologia - Pendiente;;;
VALIDACION;SPRINT 3;BE-2.6;Negocio;CA-23 - Dado export movimientos compensaciones en ficha Inspector cuando se exporta entonces CSV anonimizado segun funcional §4.3.4.;Tecnologia - Pendiente;;;
CABECERA;SPRINT 3;FE-2.4;Usuarios y ficha Inspector herencia blur y bloqueo edicion;Tecnologia - Pendiente;;;
DESARROLLO;SPRINT 3;FE-2.4;Babooni;Usuarios y ficha Inspector: reutiliza Fase I difuminado nombre/apellidos busqueda por ID y bloqueo edicion;Tecnologia - Pendiente;;;
VALIDACION;SPRINT 3;FE-2.4;Negocio;CA-13 - Dado listado usuarios Inspector entonces ID Centro fechas Horas Ojo sin nombre/apellidos.;Tecnologia - Pendiente;;;
VALIDACION;SPRINT 3;FE-2.4;Negocio;CA-14 - Dado ficha Ojo entonces lectura difuminado y aviso datos sensibles ocultos.;Tecnologia - Pendiente;;;
CABECERA;SPRINT 3;FE-2.6;Configuracion Inspector 5 pestanas modo lectura;Tecnologia - Pendiente;;;
DESARROLLO;SPRINT 3;FE-2.6;Babooni;Configuracion Inspector: 5 pestañas Fase I en lectura tab Accesos oculta y modoSoloLectura en formularios;Tecnologia - Pendiente;;;
VALIDACION;SPRINT 3;FE-2.6;Negocio;CA-16 - Dado Configuracion Inspector entonces 5 pestañas Empresa Avisos Parametros Centros Festivos congeladas en lectura.;Tecnologia - Pendiente;;;
CABECERA;SPRINT 3;BE-4.1;Reutilizar endpoints Perfil Usuario Fase I para RLPT;Tecnologia - Pendiente;;;
DESARROLLO;SPRINT 3;BE-4.1;Babooni;Reutilizar endpoints Perfil Usuario Fase I para RLPT sin cambios funcionales;Tecnologia - Pendiente;;;
VALIDACION;SPRINT 3;BE-4.1;Negocio;CU-07 - Dado RLPT autenticado cuando accede a Inicio Registro jornada Mi perfil y Ayuda entonces mantiene funcionalidad Usuario Fase I sin regresiones.;Tecnologia - Pendiente;;;
CABECERA;SPRINT 3;BE-4.2;Acceso modulo Informes datos reales para RLPT;Tecnologia - Pendiente;;;
DESARROLLO;SPRINT 3;BE-4.2;Babooni;Dar acceso RLPT al modulo Informes con datos reales de toda la plantilla;Tecnologia - Pendiente;;;
VALIDACION;SPRINT 3;BE-4.2;Negocio;CA-22 - Dado RLPT autenticado cuando accede a Informes entonces ve datos reales nombre visible de toda la plantilla no anonimizados.;Tecnologia - Pendiente;;;
CABECERA;SPRINT 3;FE-4.1;Reutilizar pantallas Perfil Usuario Fase I para RLPT;Tecnologia - Pendiente;;;
DESARROLLO;SPRINT 3;FE-4.1;Babooni;Reutilizar pantallas Perfil Usuario Inicio Registro jornada Mi perfil y Ayuda para RLPT;Tecnologia - Pendiente;;;
VALIDACION;SPRINT 3;FE-4.1;Negocio;CU-07 - Dado RLPT autenticado cuando navega pantallas Usuario Fase I entonces Inicio Registro jornada Mi perfil y Ayuda operan correctamente.;Tecnologia - Pendiente;;;
CABECERA;SPRINT 3;FE-4.2;Integrar modulo Informes en menu RLPT;Tecnologia - Pendiente;;;
DESARROLLO;SPRINT 3;FE-4.2;Babooni;Integrar modulo Informes FE-1 en menu RLPT con permisos y ruta;Tecnologia - Pendiente;;;
VALIDACION;SPRINT 3;FE-4.2;Negocio;CA-22 - Dado RLPT autenticado cuando accede a Informes entonces datos reales nombre visible plantilla completa.;Tecnologia - Pendiente;;;
CABECERA;SPRINT 3;QA-5.1;Suite pruebas anti-fuga anonimizacion vistas y CSV;Tecnologia - Pendiente;;;
DESARROLLO;SPRINT 3;QA-5.1;Babooni;Pruebas anti-fuga anonimizacion: no nombre/apellidos en vistas ni exportaciones CSV Inspector;Tecnologia - Pendiente;;;
VALIDACION;SPRINT 3;QA-5.1;Tecnologia;Suite QA: verificacion automatizada anti-fuga anonimizacion en listado ficha y export CSV Inspector (cobertura CA-13/14/23).;Tecnologia - Pendiente;;;
VALIDACION;SPRINT 3;QA-5.1;Tecnologia;Inspeccion JSON/API: ningun campo nombre o apellidos en respuestas de usuarios anonimizados.;Tecnologia - Pendiente;;;
CABECERA;SPRINT 3;QA-5.2;Pruebas control acceso por rol y por empresa;Tecnologia - Pendiente;;;
DESARROLLO;SPRINT 3;QA-5.2;Babooni;Pruebas control acceso: rol solo lectura no puede mutar via API; externos limitados a ambito empresa;Tecnologia - Pendiente;;;
VALIDACION;SPRINT 3;QA-5.2;Tecnologia;Tests API: rol Inspector y simulacion Superadmin reciben 403 en endpoints mutantes (cobertura CA-10/20).;Tecnologia - Pendiente;;;
VALIDACION;SPRINT 3;QA-5.2;Tecnologia;Tests acceso: usuario sin rol Admin no accede a Accesos externos ni Informes sin permiso (CA-17/22).;Tecnologia - Pendiente;;;
CABECERA;SPRINT 3;QA-5.3;Pruebas 3 formatos CSV y regla no-generacion golden dataset;Tecnologia - Pendiente;;;
DESARROLLO;SPRINT 3;QA-5.3;Babooni;Pruebas 3 formatos CSV tabla/simple/detallado regla no-generacion y golden CSV con dataset UAT;Tecnologia - Pendiente;;;
VALIDACION;SPRINT 3;QA-5.3;Tecnologia;Golden CSV: comparacion automatica de 3 formatos contra dataset UAT D26 (cobertura CA-07/08/09).;Tecnologia - Pendiente;;;
VALIDACION;SPRINT 3;QA-5.3;Tecnologia;Test regla no-generacion: 0 registros no produce archivo CSV y respuesta correcta para toast.;Tecnologia - Pendiente;;;
CABECERA;SPRINT 3;QA-5.4;Pruebas KPIs Inspector vs planificacion y dataset UAT;Tecnologia - Pendiente;;;
DESARROLLO;SPRINT 3;QA-5.4;Babooni;Pruebas KPIs Inspector Sin registro Correcto Incompleto frente a dataset UAT D09;Tecnologia - Pendiente;;;
VALIDACION;SPRINT 3;QA-5.4;Tecnologia;Tests KPIs Inspector: estados Sin registro/Correcto/Incompleto coinciden con dataset UAT D09 (CA-25).;Tecnologia - Pendiente;;;
CABECERA;SPRINT 3;QA-5.5;Pruebas suplantacion contexto privilegios y auditoria;Tecnologia - Pendiente;;;
DESARROLLO;SPRINT 3;QA-5.5;Babooni;Pruebas suplantacion: contexto usuario destino no escalado privilegios y trazabilidad auditoria completa;Tecnologia - Pendiente;;;
VALIDACION;SPRINT 3;QA-5.5;Tecnologia;Tests E2E/API suplantacion: contexto adopta rol destino sin permisos extra (CA-21).;Tecnologia - Pendiente;;;
VALIDACION;SPRINT 3;QA-5.5;Tecnologia;Tests auditoria: fin suplantacion registra actor suplantado inicio/fin en log auditoria (CA-24).;Tecnologia - Pendiente;;;
CABECERA;SPRINT 3;BE-C1;Pruebas unitarias e integracion backend Fase II;Tecnologia - Pendiente;;;
DESARROLLO;SPRINT 3;BE-C1;Babooni;Pruebas unitarias e integracion: roles anonimizacion Informes CSV accesos externos suplantacion;Tecnologia - Pendiente;;;
VALIDACION;SPRINT 3;BE-C1;Tecnologia;Tests unitarios e integracion BE ejecutados sin fallos en modulos Fase II (roles anonimizacion Informes accesos suplantacion).;Tecnologia - Pendiente;;;
VALIDACION;SPRINT 3;BE-C1;Tecnologia;Tests integracion anonimizacion y suplantacion pasan en pipeline CI.;Tecnologia - Pendiente;;;
CABECERA;SPRINT 3;BE-C2;Soporte plan de pruebas y correccion defectos backend;Tecnologia - Pendiente;;;
DESARROLLO;SPRINT 3;BE-C2;Babooni;Soporte plan de pruebas CA-01..CA-25 backend y correccion de defectos;Tecnologia - Pendiente;;;
VALIDACION;SPRINT 3;BE-C2;Tecnologia;Defectos backend detectados en plan de pruebas corregidos y re-ejecutados antes de DEMO/PRO.;Tecnologia - Pendiente;;;
CABECERA;SPRINT 3;BE-C3;Reporte cobertura Jacoco codigo nuevo;Tecnologia - Pendiente;;;
DESARROLLO;SPRINT 3;BE-C3;Babooni;Configuracion y reporte de cobertura Jacoco sobre codigo nuevo Fase II;Tecnologia - Pendiente;;;
VALIDACION;SPRINT 3;BE-C3;Tecnologia;Reporte Jacoco generado con cobertura minima acordada sobre servicios nuevos Fase II.;Tecnologia - Pendiente;;;
CABECERA;SPRINT 3;BE-C4;Ejecucion mutation testing Pitest;Tecnologia - Pendiente;;;
DESARROLLO;SPRINT 3;BE-C4;Babooni;Ejecucion Pitest sobre servicios nuevos Fase II;Tecnologia - Pendiente;;;
VALIDACION;SPRINT 3;BE-C4;Tecnologia;Pitest ejecutado sobre servicios criticos Informes y anonimizacion sin mutaciones sobrevivientes bloqueantes.;Tecnologia - Pendiente;;;
CABECERA;SPRINT 3;BE-C5;Documentacion tecnica y handover backend;Tecnologia - Pendiente;;;
DESARROLLO;SPRINT 3;BE-C5;Babooni;Documentacion tecnica y handover: servicios contratos API configuracion suplantacion;Tecnologia - Pendiente;;;
VALIDACION;SPRINT 3;BE-C5;Tecnologia;Documentacion tecnica y handover revisados y aceptados por equipo de desarrollo.;Tecnologia - Pendiente;;;
CABECERA;SPRINT 3;BE-C6;Creacion MR y despliegue entorno DEMO backend;Tecnologia - Pendiente;;;
DESARROLLO;SPRINT 3;BE-C6;Babooni;Creacion de MR + despliegue a entorno DEMO y verificacion backend;Tecnologia - Pendiente;;;
VALIDACION;SPRINT 3;BE-C6;Tecnologia;Smoke tecnico DEMO backend: APIs Informes y accesos externos responden correctamente tras despliegue.;Tecnologia - Pendiente;;;
CABECERA;SPRINT 3;BE-C7;Plan accion Produccion e implementacion backend;Tecnologia - Pendiente;;;
DESARROLLO;SPRINT 3;BE-C7;Babooni;Plan de accion a Produccion parte BE: pasos ventana rollback MR a master despliegue PRO;Tecnologia - Pendiente;;;
VALIDACION;SPRINT 3;BE-C7;Tecnologia;Despliegue PRO backend ejecutado segun plan con rollback probado y health checks OK.;Tecnologia - Pendiente;;;
CABECERA;SPRINT 3;FE-C1;Accesibilidad responsive y pruebas E2E flujos Fase II;Tecnologia - Pendiente;;;
DESARROLLO;SPRINT 3;FE-C1;Babooni;Accesibilidad responsive y E2E: Informes Inspector accesos externos suplantacion;Tecnologia - Pendiente;;;
VALIDACION;SPRINT 3;FE-C1;Tecnologia;Tests E2E DEMO: flujos Informes Inspector accesos externos y suplantacion pasan sin errores.;Tecnologia - Pendiente;;;
CABECERA;SPRINT 3;FE-C2;Soporte plan de pruebas y correccion defectos frontend;Tecnologia - Pendiente;;;
DESARROLLO;SPRINT 3;FE-C2;Babooni;Soporte plan de pruebas CA-01..CA-25 frontend y correccion de defectos;Tecnologia - Pendiente;;;
VALIDACION;SPRINT 3;FE-C2;Tecnologia;Defectos frontend detectados en plan de pruebas corregidos y re-ejecutados antes de DEMO/PRO.;Tecnologia - Pendiente;;;
CABECERA;SPRINT 3;FE-C3;Tests unitarios Karma Jasmine modulos Fase II;Tecnologia - Pendiente;;;
DESARROLLO;SPRINT 3;FE-C3;Babooni;Karma + Jasmine: Informes Inspector suplantacion y validaciones;Tecnologia - Pendiente;;;
VALIDACION;SPRINT 3;FE-C3;Tecnologia;Suite Karma/Jasmine ejecutada sin fallos en componentes Informes Inspector y suplantacion.;Tecnologia - Pendiente;;;
VALIDACION;SPRINT 3;FE-C3;Tecnologia;Cobertura unitaria FE Fase II dentro del umbral acordado por el equipo.;Tecnologia - Pendiente;;;
CABECERA;SPRINT 3;FE-C4;Pulido final y revision pre-PRO frontend;Tecnologia - Pendiente;;;
DESARROLLO;SPRINT 3;FE-C4;Babooni;Pulido final y revision de detalles antes de pase a PRO;Tecnologia - Pendiente;;;
VALIDACION;SPRINT 3;FE-C4;Negocio;CA-05 - Pulido pre-PRO: colores compensacion y ordenacion tabla Informes conforme a funcional.;Tecnologia - Pendiente;;;
CABECERA;SPRINT 3;FE-C5;Creacion MR y despliegue entorno DEMO frontend;Tecnologia - Pendiente;;;
DESARROLLO;SPRINT 3;FE-C5;Babooni;Creacion de MR + despliegue a entorno DEMO y verificacion frontend;Tecnologia - Pendiente;;;
VALIDACION;SPRINT 3;FE-C5;Tecnologia;Smoke tecnico DEMO frontend: aplicacion arranca y modulos Fase II accesibles tras despliegue.;Tecnologia - Pendiente;;;
CABECERA;SPRINT 3;FE-C6;Plan accion Produccion e implementacion frontend;Tecnologia - Pendiente;;;
DESARROLLO;SPRINT 3;FE-C6;Babooni;Plan de accion a Produccion parte FE: pasos ventana rollback MR a master despliegue PRO;Tecnologia - Pendiente;;;
VALIDACION;SPRINT 3;FE-C6;Tecnologia;Despliegue PRO frontend ejecutado segun plan con rollback probado y health checks OK.;Tecnologia - Pendiente;;;
CABECERA;SPRINT 3;TR-3;Hardening UAT correcciones y buffer cierre;Tecnologia - Pendiente;;;
DESARROLLO;SPRINT 3;TR-3;Babooni;Hardening y correcciones UAT buffer cierre golden CSV y ajustes post-validacion negocio;Tecnologia - Pendiente;;;
VALIDACION;SPRINT 3;TR-3;Negocio;CA-01..CA-25 - Cierre UAT: dataset oficial D26 validado y criterios de aceptacion firmados por negocio sin defectos bloqueantes.;Tecnologia - Pendiente;;;
